"organization","isin","bbid","ticker","country_hq"
"3M Company","US88579Y1010","EQ0010100100001000","MMM US","USA"
"3Y",,,,"USA"
"Abbott Laboratories","US0028241000","EQ0010000200001000","ABT US","USA"
"Acbel Polytech Inc",,,,"Taiwan"
"ACCIONA S.A.","ES0125220311","EQ0011740600001000","ANA SM","Spain"
"ACUMULADORES MOURA SA",,,,"Brazil"
"Advanced Micro Devices, Inc","US0079031078","EQ0010001000001000","AMD US","USA"
"AECI Ltd Ord","ZAE000000220","EQ0013008400001000","AFE SJ","South Africa"
"Aero Pharma Silvasa",,,,"India"
"AFB International",,,,"USA"
"Ahlstrom Corporation","FI0009010391","EQ0012529400002000","AHL1V FH","Finland"
"Ajinomoto Co.Inc.","JP3119600009","EQ0011329200001000","2802 JP","Japan"
"Akamai Technologies Inc","US00971T1016","EQ0039337400001000","AKAM US","USA"
"AkzoNobel","NL0000009132","EQ0011564800001000","AKZA NA","Netherlands"
"ALBRIGHT & WILSON (AUSTRALIA) LTD",,,,"Australia"
"Alcoa Inc.","US0138171014","EQ0010004600001000","AA US","USA"
"Alfa Packaging",,,,"India"
"Allergan, Inc.","US0184901025","EQ0010003800001000","AGN US","USA"
"Alliance One International Inc.",,,,"USA"
"Allied Electronics Corporation Ltd (Altron)","ZAE000029658","EQ0000000037590295",,"South Africa"
"Alpha Networks",,,,"Taiwan"
"ALPHA NOVATECH",,,,"USA"
"ALPLA",,,,"Austria"
"Alps Electric Co., Ltd.","JP3126400005","EQ0011330000001000","6770 JP","Japan"
"Altera Corp.","US0214411003","EQ0010202600001000","ALTR US","USA"
"Altria Group, Inc.","US02209S1033","EQ0010117200001000","MO US","USA"
"Alumina","AU000000AWC3","EQ0010164500001000","AWC AU","Australia"
"Aluprint Plegadizos, S. de R.L. de C.V.",,,,"Mexico"
"Amcor","AU000000AMC4","EQ0011259500001000","AMC AU","Australia"
"Ameren Corporation","US0236081024","EQ0031309800001000","AEE US","USA"
"American Electric Power Company, Inc.","US0255371017","EQ0010006000001000","AEP US","USA"
"Amgen, Inc.","US0311621009","EQ0010169300001000","AMGN US","USA"
"Amphenol TCS",,,,"USA"
"Amtek Group",,,,"Singapore"
"Anadarko Petroleum Corporation","US0325111070","EQ0010009600001000","APC US","USA"
"Anglo American","GB00B1XZS820","EQ0083398300001000","AAL LN","United Kingdom"
"Anglo American Platinum","ZAE000013181","EQ0011220000001001","AMS SJ","South Africa"
"AngloGold Ashanti","ZAE000043485","EQ0010761400001000","ANG SJ","South Africa"
"Anheuser Busch InBev","BE0003793107","EQ0018059300001000","ABI BB","Belgium"
"Antofagasta","GB0000456144","EQ0011110000001000","ANTO LN","United Kingdom"
"Apache Corporation","US0374111054","EQ0010010400001000","APA US","USA"
"APL Logistics",,,,"USA"
"A.P. Moller - Maersk","DK0010244508","EQ0013612400003000","MAERSKB DC","Denmark"
"APPE",,,,"United Kingdom"
"Applied Materials Inc.","US0382221051","EQ0010203200001000","AMAT US","USA"
"AptarGroup","US0383361039","EQ0011711600001000","ATR US","USA"
"Aquarius Platinum","BMG0440M1284","EQ0086670500001000","AQP AU","Bermuda"
"Arcadyan Germany Technology",,,,"Taiwan"
"Archer Daniels Midland","US0394831020","EQ0010010900001000","ADM US","USA"
"AREEJ VEG. OILS AND DER.SAOG",,,,"Oman"
"A & R GROUP",,,,"Germany"
"ARM Holdings","GB0000595859","EQ0031370700001000","ARM LN","United Kingdom"
"Arrium","AU000000ARI0","EQ0148033200001000","ARI AU","Australia"
"Arvato do Brasil",,,,"Brazil"
"Asahi Glass Co., Ltd.","JP3112000009","EQ0011333200001000","5201 JP","Japan"
"Asahi Group Holdings, Ltd.","JP3116000005","EQ0011332500001000","2502 JP","Japan"
"Ascent/Mitac",,,,"China"
"Ashland Inc.","US0442091049","EQ0010012200001000","ASH US","USA"
"Asia Vital Components Co., LTD",,,,"China"
"Aspen Pharmacare Holdings","ZAE000066692","EQ0013044700001000","APN SJ","South Africa"
"Associated British Foods","GB0006731235","EQ0011112900001000","ABF LN","United Kingdom"
"Astellas Pharma Inc.","JP3942400007","EQ0011517400001000","4503 JP","Japan"
"AstraZeneca","GB0009895292","EQ0011109300001000","AZN LN","United Kingdom"
"ATP Electronics, Inc.",,,,"USA"
"AT&T Inc.","US00206R1023","EQ0010137600001000","T US","USA"
"Autobahn Freight Lines Ltd.",,,,"Canada"
"AUTOGEN CO LTD",,,,"Korea"
"Automatic Data Processing, Inc.","US0530151036","EQ0010013700001000","ADP US","USA"
"Avalon Cosmetcs PVT. Ltd",,,,"India"
"Avery Dennison Corporation","US0536111091","EQ0010014100001000","AVY US","USA"
"Axson Revocoat",,,,"USA"
"Banco Santander","ES0113900J37","EQ0010015800001000","SAN SM","Spain"
"Bank of America","US0605051046","EQ0010103200001000","BAC US","USA"
"Barloworld","ZAE000026639","EQ0011116300001000","BAW SJ","South Africa"
"Barrick Gold Corporation","CA0679011084","EQ0010005500001000","ABX CN","Canada"
"Barry Callebaut AG","CH0009002962","EQ0030073000002000","BARN SW","Switzerland"
"BASF SE","DE000BASF111","EQ0011569400001000","BAS GR","Germany"
"Bayer AG","DE000BAY0017","EQ0011567900001000","BAYN GR","Germany"
"Becton, Dickinson and Co.","US0758871091","EQ0010018300001000","BDX US","USA"
"Beiersdorf AG","DE0005200000","EQ0011665100001000","BEI GR","Germany"
"Bel Fuse Inc.","US0773472016","EQ0010238700001000","BELFA US","USA"
"Bemis Company","US0814371052","EQ0010018900001000","BMS US","USA"
"Best Buy Co., Inc.","US0865161014","EQ0010019700001000","BBY US","USA"
"BG Group","GB0008762899","EQ0010022700001000","BG/ LN","United Kingdom"
"BHP Billiton","AU000000BHP4","EQ0010023200001000","BHP AU","United Kingdom"
"Bidvest Group Ltd","ZAE000117321","EQ0013015100001000","BVT SJ","South Africa"
"Bimo Irplast",,,,"Italy"
"Biogen Idec Inc.","US09062X1037","EQ0010459700001000","BIIB US","USA"
"Borbet",,,,"Germany"
"Boston Scientific Corporation","US1011371077","EQ0010021800001000","BSX US","USA"
"BP","GB0007980591","EQ0010022800001000","BP/ LN","United Kingdom"
"BRADFORD SOAP WORKS, INC.",,,,"USA"
"Brigl & Bergmeister GmbH",,,,"Austria"
"Bristol-Myers Squibb","US1101221083","EQ0010022500001000","BMY US","USA"
"British American Tobacco","GB0002875804","EQ0034991400001000","BATS LN","United Kingdom"
"Brown-Forman Corporation","US1156372096","EQ0010023700003000","BF/B US","USA"
"Bundy",,,,"India"
"Bunge","BMG169621056","EQ0175155700001000","BG US","USA"
"BWI Group",,,,"China"
"BYD","CNE100000296","EQ0000000000247028","1211 HK","China"
"CALIX AUTOMOTIVE AB.",,,,"Sweden"
"Campbell Soup Company","US1344291091","EQ0010026400001000","CPB US","USA"
"Canadian National Railway Company","CA1363751027","EQ0017955100001000","CNR CN","Canada"
"Canon Inc.","JP3242800005","EQ0011338900001000","7751 JP","Japan"
"Caparo",,,,"India"
"Caress Beauty",,,,"India"
"Cargill","US1417810058","EQ0013699100001000",,"USA"
"Carli Electronics co., LTD.",,,,"China"
"Carnival Corporation","PA1436583006","EQ0010027300002000","CCL US","United Kingdom"
"CASALASCO - Fontanellato",,,,"Italy"
"Catalent Pharma Solutions",,,,"USA"
"Catalyst Paper Corporation","CA14888T1049","EQ0010920500002000",,"Canada"
"CBT Technology",,,,"USA"
"CCL Industries","CA1249002009","EQ0010872600002000","CCL/A CN","Canada"
"CE (CETARSA)",,,,"Spain"
"Celestica Inc.","CA15101Q1081","EQ0034926600001001","CLS CN","Canada"
"Celgene Corporation","US1510201049","EQ0010280600001000","CELG US","USA"
"Cenovus Energy Inc.","CA15135U1093","EQ0000000006200087","CVE CN","Canada"
"Centrica","GB00B033F229","EQ0021620400001000","CNA LN","United Kingdom"
"CHANGWON CO LTD",,,,"South Korea"
"Chaun-Choung Technology Corp","TW0006230006","EQ0000000000154980","6230 TT","Taiwan"
"Chemex Detergent",,,,"India"
"Chesapeake",,,,"Luxembourg"
"Chicony Power Technology Co.,Ltd.",,,,"China"
"China Agri-Industries Holdings Ltd","HK0606037437","EQ0000000002956727","606 HK","China"
"China Steel","TW0002002003","EQ0011583100001000","2002 TT","Taiwan"
"CICOR TECHNOLOGIES","CH0008702190","EQ0032808300002000","CICN SW","Indonesia"
"CIE Automotive","ES0105630315","EQ0015323500001000","CIE SM","Spain"
"CIP4 SpA",,,,"Italy"
"Cisco Systems, Inc.","US17275R1023","EQ0010171100001000","CSCO US","USA"
"CJ Cheiljedang","KR7097950000","EQ0000000003787787","097950 KS","South Korea"
"Clariant International Ltd","CH0012142631","EQ0016232600002000","CLN VX","Switzerland"
"CLONDALKIN",,,,"USA"
"Clorox Company","US1890541097","EQ0010034500001000","CLX US","USA"
"Coca-Cola Enterprises, Inc.","US19122T1097","EQ0010035400001000","CCE US","USA"
"Coca-Cola HBC AG","CH0198251305","EQ0000000027050855","CCH LN","Switzerland"
"COCA-COLA İÇECEK A.Ş.","TRECOLA00011","EQ0000000001135757","CCOLA TI","Turkey"
"Colgate Palmolive Company","US1941621039","EQ0010035900001000","CL US","USA"
"Compagnie Financière Richemont SA","CH0210483332","EQ0011789600001000","CFR VX","Switzerland"
"Compania Espanola De Petroleos S.A (CEPSA)","ES0132580319","EQ0011900900001000",,"Spain"
"COMPEQ MANUFACTURING CO., LTD",,,,"Taiwan"
"ConAgra Foods, Inc.","US2058871029","EQ0010037700001000","CAG US","USA"
"Concurrent Manufacturing",,,,"USA"
"Connor Winfield",,,,"USA"
"ConocoPhillips","US20825C1045","EQ0010117400001000","COP US","USA"
"CONSOL Energy Inc.","US20854P1093","EQ0031998900001000","CNX US","USA"
"Constellation Brands, Inc.","US21036P1084","EQ0010784300002000","STZ US","USA"
"Constellium",,,,"France"
"Conti Paraguay",,,,"Paraguay"
"Cooler Masterco.,Ltd.",,,,"China"
"Coretronic Corporation","TW0005371009","EQ0081235000001000","5371 TT","Taiwan"
"Cosmetic Laboratories of America",,,,"USA"
"Cosmint",,,,"Italy"
"Covidien Ltd.","IE00B68SQD29","EQ0000000003339617","COV US","Ireland"
"CREATIVE FOAM CORP",,,,"USA"
"Crescent Point Energy Corporation","CA22576C1014","EQ0000000000738635","CPG CN","Canada"
"CRH Plc","IE0001827041","EQ0011143500001000","CRH ID","Ireland"
"Croda International","GB0002335270","EQ0011143600001000","CRDA LN","United Kingdom"
"CSL","AU000000CSL8","EQ0013581100001000","CSL AU","Australia"
"CSX Corporation","US1264081035","EQ0010041500001000","CSX US","USA"
"Cummins Inc.","US2310211063","EQ0010041900001000","CMI US","USA"
"CVS Health","US1266501006","EQ0010097600001000","CVS US","USA"
"CYGNUS CORPORATION",,,,"USA"
"Cypress Semiconductor Corporation","US2328061096","EQ0010042400001000","CY US","USA"
"DAEYEETECH CO LTD",,,,"South Korea"
"Daikin Industries, Ltd.","JP3481800005","EQ0011349200001000","6367 JP","Japan"
"Dailycer",,,,"France"
"Dainippon Sumitomo Pharma Co., Ltd.","JP3495000006","EQ0011350200001000","4506 JP","Japan"
"Darden Restaurants, Inc.","US2371941053","EQ0017016500001000","DRI US","USA"
"Darfon Electronics Corp",,,,"Taiwan"
"Deere & Company","US2441991054","EQ0010043800001000","DE US","USA"
"Dell Inc.","US24702R1014","EQ0010171800001000",,"USA"
"Delphi Automotive Plc","JE00B783TY65","EQ0000000017551645","DLPH US","USA"
"Detroit Thermal Systems",,,,"USA"
"Devon Energy Corporation","US25179M1036","EQ0082374800001000","DVN US","USA"
"DH KOREA CO LTD",,,,"South Korea"
"Diageo Plc","GB0002374006","EQ0011168000001000","DGE LN","United Kingdom"
"Diamond Electric",,,,"USA"
"Dicopack S.A.",,,,"Argentina"
"Distell Group Ltd","ZAE000028668","EQ0013028300001000","DST SJ","South Africa"
"Dominion Resources, Inc.","US25746U1097","EQ0010046600001000","D US","USA"
"DONGGUAN PRIMAX ELECTRONIC & TELECOMMUNICATION PRODUCTS LTD",,,,"China"
"DPE AUTOMOTIVE LTD",,,,"United Kingdom"
"Dreem",,,,"Egypt"
"DS Smith Plc","GB0008220112","EQ0011228600001000","SMDS LN","United Kingdom"
"DTE Energy Company","US2333311072","EQ0096432600001000","DTE US","USA"
"Duratex S/A","BRDTEXACNOR3","EQ0000000003873133","DTEX3 BZ","Brazil"
"Eastman Chemical Company","US2774321002","EQ0012674700001000","EMN US","USA"
"Eaton Corporation","IE00B8KQN827","EQ0010049600001000","ETN US","USA"
"Ecolab Inc.","US2788651006","EQ0010049900001000","ECL US","USA"
"Ecopetrol Sa","COC04PA00016","EQ0000000003163888","ECOPETL CB","Colombia"
"EDF","FR0010242511","EQ0016206000001000","EDF FP","France"
"EDP - Energias de Portugal S.A.","PTEDP0AM0009","EQ0021515900001000","EDP PL","Portugal"
"E.I. du Pont de Nemours and Company","US2635341090","EQ0010047900001000","DD US","USA"
"Eisenwerk Brühl GmbH",,,,"Germany"
"Eli Lilly & Co.","US5324571083","EQ0010089400001000","LLY US","USA"
"EMC Corporation","US2686481027","EQ0010051300001000","EMC US","USA"
"Emerson Electric Co.","US2910111044","EQ0010051500001000","EMR US","USA"
"Emirates Wet Wipes",,,,"United Arab Emirates"
"EMI Stop",,,,"China"
"Empresas CMPC","CL0000001314","EQ0013611900001000","CMPC CI","Chile"
"EMULEX CORP",,,,"USA"
"Enbridge Inc.","CA29250N1050","EQ0010954800001000","ENB CN","Canada"
"Encana Corporation","CA2925051047","EQ0011017800001000","ECA CN","Canada"
"Endesa","ES0130670112","EQ0010051700001000","ELE SM","Spain"
"ENEL SpA","IT0003128367","EQ0091804900001000","ENEL IM","Italy"
"Enerplus Corporation","CA2927661025","EQ0019472400060000","ERF CN","Canada"
"Entergy Corporation","US29364G1031","EQ0010053200001000","ETR US","USA"
"EOG Resources, Inc.","US26875P1012","EQ0010052900001000","EOG US","USA"
"E.ON SE","DE000ENAG999","EQ0011576100001000","EOAN GR","Germany"
"Essar Oil","INE011A01019","EQ0016296400001000","ESOIL IN","India"
"Essentra","GB00B0744359","EQ0000000001760430","ESNT LN","United Kingdom"
"ETI SODA",,,,"Turkey"
"Evonik Industries AG","DE000EVNK013","EQ0000000031009802","EVKIF US","Germany"
"EXEDY Corporation","JP3161160001","EQ0011349300001000","7278 JP","Japan"
"Exelon Corporation","US30161N1019","EQ0010117000001000","EXC US","USA"
"Exxaro Resources Ltd","ZAE000084992","EQ0756781700001000","EXX SJ","South Africa"
"Exxon Mobil Corporation","US30231G1022","EQ0010054600001000","XOM US","USA"
"Fairchild Semiconductor","US3037261035","EQ0023133700001000","FCS US","USA"
"Famar S.A",,,,"Greece"
"Favori Saray",,,,"Turkey"
"FCC (Adams) LLC",,,,"USA"
"FCI",,,,"Singapore"
"Feng Chuan Electronics Co. Ltd",,,,"China"
"FIAMM",,,,"USA"
"Ficosa",,,,"Portugal"
"Fidelity National Information Services","US31620M1062","EQ0734252200001000","FIS US","USA"
"FIRMENICH SA",,"EQ0000000011756201","PRIV","Switzerland"
"Fiskeby",,,,"Sweden"
"Flextronics International","SG9999000020","EQ0013654700001000","FLEX US","USA"
"Fluor Corporation","US3434121022","EQ0118470600001000","FLR US","USA"
"Ford Motor Company","US3453708600","EQ0010060200001000","F US","USA"
"Fortescue Metals Group","AU000000FMG4","EQ0015369300001000","FMG AU","Australia"
"Foster",,,,"Japan"
"Freeport-McMoRan Copper & Gold Inc.","US35671D8570","EQ0010061400003000","FCX US","USA"
"Fresnillo plc","GB00B2QPKJ12","EQ0000000006054873","FRES LN","Mexico"
"Friesland Campina",,,,"Netherlands"
"Fujitsu Ltd.","JP3818000006","EQ0011361400001000","6702 JP","Japan"
"Fuji Xerox Co., Ltd.",,"EQ0034954300001000",,"Japan"
"Galaxy Surfactants Ltd.",,,,"India"
"Gamsan",,,,"Turkey"
"Gap Inc.","US3647601083","EQ0010062500001000","GPS US","USA"
"Gas Natural SDG SA","ES0116870314","EQ0012711100001000","GAS SM","Spain"
"Gazprom OAO","RU0007661625","EQ0000000029054107","GAZP RM","Russia"
"GDF Suez","FR0010208488","EQ0015607000001000","GSZ FP","France"
"General Electric Company","US3696041033","EQ0010063200001000","GE US","USA"
"General Mills Inc.","US3703341046","EQ0010063600001000","GIS US","USA"
"General Motors Company","US37045V1008","EQ0000000008690631","GM US","USA"
"Georg Fischer","CH0001752309","EQ0011570400002000","FI/N SW","Switzerland"
"Gestamp",,"EQ0000000001456678",,"Spain"
"GETRAG",,,,"Germany"
"GHSP INC",,,,"USA"
"Giant Food Int'l Co",,,,"China"
"GIGA-BYTE TECHNOLOGY CO.,LTD","SCGIGA14970",,,"Taiwan"
"Givaudan SA","CH0010645932","EQ0119743700001000","GIVN VX","Switzerland"
"GKN","GB0030646508","EQ0011164100001000","GKN LN","United Kingdom"
"GlaxoSmithKline","GB0009252882","EQ0145645000001000","GSK LN","United Kingdom"
"GLEASON S.A. DE C.V.",,,,"Mexico"
"GNS CO LTD",,,,"South Korea"
"Goldcorp Inc.","CA3809564097","EQ0010930100002000","G CN","Canada"
"Gold Fields Limited","ZAE000018123","EQ0010344300001002","GFI SJ","South Africa"
"GONHER DE MEXICO S.A DE C.V.",,,,"Mexico"
"Goodyear Tire & Rubber Company","US3825501014","EQ0010066800001000","GT US","USA"
"Graham Packaging",,,,"USA"
"Grupo Antolin Irausa SA",,,,"Spain"
"Grupo Carso S.A.","MXP461181085","EQ0011665900001000","GCARSOA1 MM","Mexico"
"GRUPO PROEZA SA DE CV",,,,"Mexico"
"Grupo Televisa S.A.","MXP4987V1378","EQ0011756800004000","TLEVICPO MM","Mexico"
"GS Yuasa Corporation","JP3385820000","EQ0000000000995388","6674 JP","Japan"
"GUARDIAN INDUSTRIES CORP",,,,"USA"
"GULF CENTRE FOR SOAP AND CHEMICAL",,,,"United Arab Emirates"
"HALEY INDUSTRIES LLC",,,,"USA"
"Halliburton Company","US4062161017","EQ0010069800001000","HAL US","USA"
"Hankook Tire Co Ltd","KR7161390000","EQ0000000023715516","161390 KS","South Korea"
"HannStar Board Tech. (Jiangyin) Corp","KYG4280A1031","EQ0000000002845675","667 HK","China"
"Hansol Paper Co., Ltd.","KR7004150009","EQ0011759000001000","004150 KS","South Korea"
"HARVEST LAND CO-OP, INC.",,,,"USA"
"HCL Technologies","INE860A01027","EQ0099567100001000","HCLT IN","India"
"HEIDTMAN STEEL PRODUCTS INC",,,,"USA"
"Heineken NV","NL0000009165","EQ0011571500001000","HEIA NA","Netherlands"
"Herbal Concepts Health Care Pvt Ltd",,,,"India"
"Herdmans South Africa (Pty) Ltd",,,"NOT FOUND","South Africa"
"Hess Corporation","US42809H1077","EQ0010007800001000","HES US","USA"
"Hewlett-Packard","US4282361033","EQ0010073200001000","HPQ US","USA"
"HIERROS DE LEVANTE SA",,,,"Spain"
"HIHO METAL JAPAN",,,,"Korea"
"Hindustan Construction Company","INE549A01026","EQ0017450800001000","HCC IN","India"
"HI-P INTERNATIONAL LIMITED",,,,"China"
"Hitachi Chemical Company, Ltd.","JP3785000005","EQ0011369900001000","4217 JP","Japan"
"Hitachi LG Data Storage, Inc.",,,,"Korea"
"Hitachi, Ltd.","JP3788600009","EQ0010074100001000","6501 JP","Japan"
"Hitachi Metals, Ltd.","JP3786200000","EQ0011370800001000","5486 JP","Japan"
"Hi-Tech Surfactants Ltd",,,,"India"
"HK Electric Investments","HK0000179108","EQ0000000033130558","2638 HK","Hong Kong"
"HMA INC.",,,,"China"
"H&M Hennes & Mauritz AB","SE0000106270","EQ0011760100003000","HMB SS","Sweden"
"Hoffmann Neopac AG",,,,"Switzerland"
"Holmen","SE0000109290","EQ0011779800003000","HOLMB SS","Sweden"
"Honeywell International Inc.","US4385161066","EQ0010004300001000","HON US","USA"
"Hosken Consolidated Investments","ZAE000003257","EQ0013036000001000","HCI SJ","South Africa"
"Hospira, Inc.","US4410601003","EQ0000000001065214","HSP US","USA"
"Hotron Precision Electronic(SUZHOU)CO.,LTD",,,,"China"
"HP Pelzer Holding GmbH",,,,"Belgium"
"HudBay Minerals Inc.","CA4436281022","EQ0017904800001000","HBM CN","Canada"
"Hung Hing Packaging (Wuxi) Co Ltd",,,,"China"
"Husky Energy Inc.","CA4480551031","EQ0141461600001000","HSE CN","Canada"
"Iberdrola SA","ES0144580Y14","EQ0011572400001000","IBE SM","Spain"
"IBERICA DE SUSPENSIONES S.L.",,,,"Spain"
"IHI Corporation","JP3134800006","EQ0011379600001000","7013 JP","Japan"
"Illovo Sugar Ltd","ZAE000083846","EQ0016267700001000","ILV SJ","South Africa"
"Impala Platinum Holdings","ZAE000083648","EQ0011177000001002","IMP SJ","South Africa"
"Imperial Holdings","ZAE000067211","EQ0013037000001000","IPL SJ","South Africa"
"Imperial Tobacco Group","GB0004544929","EQ0019613900001000","IMT LN","United Kingdom"
"Incitec Pivot","AU000000IPL1","EQ0000000000659779","IPL AU","Australia"
"Inditex","ES0148396007","EQ0023395400001000","ITX SM","Spain"
"INDUCONTROL S. A. DE C. V.",,,,"Mexico"
"Inergy Automotive Systems",,,,"Japan"
"Ingersoll-Rand Co. Ltd.","IE00B6330302","EQ0010078700001000","IR US","Bermuda"
"Innolux Corporation","TW0003481008","EQ0000000001883864","3481 TT","Taiwan"
"Innophos Mexicana S. de R.L. de C.V.",,,,"Mexico"
"Innovative Logistics",,,,"USA"
"Integrated Device Technology, Inc.","US4581181066","EQ0010459900001000","IDTI US","USA"
"Intel Corporation","US4581401001","EQ0010172900001000","INTC US","USA"
"Intercontinental Oils & Fats Pte. Ltd",,,,"Singapore"
"International Business Machines (IBM)","US4592001014","EQ0010080100001000","IBM US","USA"
"International Rectifier","US4602541058","EQ0010080800001000","IRF US","USA"
"INTERNATIONAL TOILETRIES COMPANY LTD",,,,"Japan"
"Inventec Co Ltd","TW0002356003","EQ0019371200001000","2356 TT","Taiwan"
"IPF-Vikram India Ltd",,,,"India"
"IRIS",,,,"China"
"ISL AUTOMOTIVE GMBH",,,,"Germany"
"Israel Chemicals","IL0002810146","EQ0013563700001000","ICL IT","Israel"
"IS TECH CO LTD",,,,"South Korea"
"ITAESBRA INDUSTRIA MECANICA LTDA",,,,"Brazil"
"ITC Limited","INE154A01025","EQ0012618300001000","ITC IN","India"
"JAC PRODUCTS INC. FRANKLIN ALUMINUM",,,,"USA"
"Jaguar Land Rover Ltd",,"EQ0000000017433605","8291453ZLN","United Kingdom"
"JBM AUTO SYSTEMS PVT. LTD.",,,,"India"
"JDS Uniphase Corp.","US46612J5074","EQ0012630200001000","JDSU US","USA"
"JIANGYIN CHENGXING HOUSEHOLD CHEMIC",,,,"China"
"Jintung",,,,"China"
"Jitender Flour Mills",,,,"India"
"Johnson & Johnson","US4781601046","EQ0010082800001000","JNJ US","USA"
"Johnson Matthey","GB00B70FPS60","EQ0011181000001000","JMAT LN","United Kingdom"
"Joy Technology (Shenzen) Corp.",,,,"Taiwan"
"J. Rettenmaier USA LP",,,,"USA"
"JSW Steel","INE019A01020","EQ0017012000001000","JSTL IN","India"
"Kahan",,,,"Israel"
"KAO Corporation","JP3205800000","EQ0011390900001000","4452 JP","Japan"
"Kaslink",,,,"Finland"
"Kato Prestige",,,,"Egypt"
"Kellogg Company","US4878361082","EQ0010084300001000","K US","USA"
"Kemin Nutrisurance Inc.",,,,"USA"
"Kemira Corporation","FI0009004824","EQ0012532000001000","KRA1V FH","Finland"
"KENWAL STEEL CORP",,,,"USA"
"Kering","FR0000121485","EQ0011546700001000","KER FP","France"
"Key Safety Systems, Inc.",,,,"USA"
"KIK Custom Products",,,,"USA"
"Kimberly-Clark Corporation","US4943681035","EQ0010085300001000","KMB US","USA"
"KIM PRINTING (XIAMEN) CO., LTD",,,,"China"
"Kingbright",,,,"Taiwan"
"Kingston Technology",,,,"USA"
"KINUGAWA RUBBER INDUSTRIAL LTD",,,,"Japan"
"Kirin Holdings Co Ltd","JP3258000003","EQ0011397000001000","2503 JP","Japan"
"KIRIU CORPORATION",,,,"Japan"
"Klabin S/A","BRKLBNACNPR9","EQ0015882600002000","KLBN4 BZ","Brazil"
"KM&I",,,,"Korea"
"KNOWLTON PACKAGING INC",,,,"Canada"
"KOJIN CO. LTD.",,,,"Japan"
"Komatsu Ltd.","JP3304200003","EQ0011400900001000","6301 JP","Japan"
"Kompak",,,,"Netherlands"
"Konica Minolta, Inc.","JP3300600008","EQ0011401400001000","4902 JP","Japan"
"Koninklijke DSM","NL0000009827","EQ0011571000001000","DSM NA","Netherlands"
"Kontron AG","DE0006053952","EQ0082806300001000","KBC GR","Germany"
"KOREA DELPHI AUTOMOTIVE SYS CORP",,,,"Korea"
"Kostal Group",,,,"United Kingdom"
"KPMG International",,,,"Switzerland"
"KSPG AG",,,,"USA"
"Kuehne + Nagel International AG","CH0025238863","EQ0000000004552161","KNIN VX","Switzerland"
"Kumba Iron Ore","ZAE000085346","EQ0000000002835322","KIO SJ","South Africa"
"KUNSTSTOFF-TECHNIK SCHERER & TRIER GMBH & CO KG",,,,"Germany"
"Kupinskoe Morozhenoe",,,,"Russia"
"KURASHIKI KAKO CO. LTD.",,,,"Japan"
"Lab. Deterplus S.R.L.",,,"NOT FOUND","Argentina"
"Lacrem",,,,"Spain"
"Lafarge S.A.","FR0000120537","EQ0011542000001000","LG FP","France"
"Lake Country Foods",,,,"USA"
"La Rondine",,,,"Brazil"
"Layne Christensen Company","US5210501046","EQ0010500700001000","LAYN US","USA"
"Leader Electronics Inc.",,,,"Taiwan"
"Lexmark International, Inc.","US5297711070","EQ0017126000001000","LXK US","USA"
"LF beauty",,,,"United Kingdom"
"LG Chem","KR7051910008","EQ0728185500001000","051910 KS","South Korea"
"LIX DETERGENT JSC",,,,"Vietnam"
"LKW Walter International",,,,"Austria"
"Lockheed Martin Corporation","US5398301094","EQ0015692300001000","LMT US","USA"
"Logitech International SA","CH0025751329","EQ0000000004552177","LOGN SW","Switzerland"
"Lonza Group AG","CH0013841017","EQ0015627600001000","LONN VX","Switzerland"
"L'Oréal","FR0000120321","EQ0011541400001000","OR FP","France"
"Lusomedicamenta",,,,"Portugal"
"LVMH","FR0000121014","EQ0011542800001000","MC FP","France"
"Lynas Corporation","AU000000LYC6","EQ0013588300001000","LYC AU","Australia"
"MACANDREWS & FORBES HOLDINGS",,,,"USA"
"Magna International Inc.","CA5592224011","EQ0010980600002000","MG CN","Canada"
"Mahindra Lifespace Developers Limited","INE813A01018","EQ0145605400001000","MLIFE IN","India"
"Mahindra & Mahindra","INE101A01026","EQ0013003600001000","MM IN","India"
"Mahindra Sanyo Special Steel Pvt. Ltd",,"EQ0000000030572224","0821582D IN","India"
"Manufactura Moderna de Metales",,,,"Spain"
"Marfrig Alimentos S.A.","BRMRFGACNOR0","EQ0000000003470565","MRFG3 BZ","Brazil"
"Marriott International, Inc.","US5719032022","EQ0031367300002000","MAR US","USA"
"Martin Bauer GmbH",,,,"Germany"
"MARTINREA INTERNATIONAL INC.","CA5734591046","EQ0018786800001000","MRE CN","Canada"
"MARUI INDUSTRIAL CO. LTD.",,,,"Japan"
"Marvell Technology Group, Ltd.","BMG5876H1051","EQ0117905100001000","MRVL US","USA"
"Maxion Wheels",,,,"USA"
"Maxxis International",,,,"Taiwan"
"Mayr-Melnhof Karton Aktiengesellschaft","AT0000938204","EQ0013574000001000","MMK AV","Austria"
"Mazda Motor Corporation","JP3868400007","EQ0011411600001000","7261 JP","Japan"
"McBride plc","GB0005746358","EQ0017059800001000","MCB LN","United Kingdom"
"McCormick & Company, Incorporated","US5797802064","EQ0010173900001000","MKC US","USA"
"MDR",,,,"Indonesia"
"Mead Johnson Nutrition Company","US5828391061","EQ0000000005915975","MJN US","USA"
"Mediclinic International","ZAE000074142","EQ0013044800001000","MDC SJ","South Africa"
"Medtronic, Inc.","US5850551061","EQ0010097200001000","MDT US","USA"
"MEERAPFEL",,,,"Switzerland"
"Meggitt","GB0005758098","EQ0011194600001000","MGGT LN","United Kingdom"
"Meihua",,,,"China"
"Merck & Co., Inc.","US58933Y1055","EQ0010097800001000","MRK US","USA"
"METALURGICA CEMBRANOS S.A.",,,,"Spain"
"Metsä Board","FI0009000665","EQ0011665700003000","METSB FH","Finland"
"MHI EQUIPMENT EUROPE",,,,"Netherlands"
"Micrel Semiconductor",,,,"USA"
"Micron Technology, Inc.","US5951121038","EQ0010099500001000","MU US","USA"
"Microsemi Frequency and Time Corporation",,,,"USA"
"Microsoft Corporation","US5949181045","EQ0010174300001000","MSFT US","USA"
"Micro-Star International Co, Inc","TW0002377009","EQ0033074900001000","2377 TT","Taiwan"
"MINIATURE PRECISION COMP.",,,,"USA"
"Mitac International","TW0002315009","EQ0012958200001000",,"Taiwan"
"Mitsubishi Chemical Holdings Corporation","JP3897700005","EQ0000000001961721","4188 JP","Japan"
"Mitsubishi Electric Corporation","JP3902400005","EQ0011415200001000","6503 JP","Japan"
"Mitsubishi Heavy Industries, Ltd.","JP3900000005","EQ0011415500001000","7011 JP","Japan"
"Molex Incorporated","US6085541018","EQ0010174500001000",,"USA"
"Mondelez International Inc","US6092071058","EQ0117656400001000","MDLZ US","USA"
"Morgan Advanced Materials","GB0006027295","EQ0011237600001000","MGAM LN","United Kingdom"
"MOTORES Y APARATOS ELECTRICOS DE DURANGO SA DE CV.",,,,"Mexico"
"Motorola Solutions","US6200763075","EQ0010102100001000","MSI US","USA"
"Mubea Group",,,,"USA"
"Murata Mfg. Co.","JP3914400001","EQ0011422000001000","6981 JP","Japan"
"MURRAY GOULBURN CO-OPERATIVE CO LIMITED",,,,"Australia"
"Naga Dets Ltd",,,,"India"
"NAGARES. S.A.",,,,"Spain"
"Nampak Ltd","ZAE000071676","EQ0013047400001000","NPK SJ","South Africa"
"Nanya Technology Corp","TW0002408002","EQ0145928100001000","2408 TT","Taiwan"
"National Grid","GB00B08SNH34","EQ0017956300001000","NG/ LN","United Kingdom"
"NAVARRA DE ESTAMPACION E INYECCION S.A.",,,,"Spain"
"Navistar International Corporation","US63934E1082","EQ0010105200001000","NAV US","USA"
"NEBULA HOME PRODUCTS PVT LTD",,,,"India"
"Nestlé","CH0038863350","EQ0011257100002000","NESN VX","Switzerland"
"NetApp Inc.","US64110D1046","EQ0017135100001000","NTAP US","USA"
"Netcare Limited","ZAE000011953","EQ0020127700001000","NTC SJ","South Africa"
"NetPower Technologies",,,,"USA"
"Newcrest Mining","AU000000NCM7","EQ0011295800001000","NCM AU","Australia"
"NITTAN VALVE CO.LTD.",,,,"Japan"
"Noble Energy, Inc.","US6550441058","EQ0010107600001000","NBL US","USA"
"NOK Corporation","JP3164800009","EQ0011446500001000","7240 JP","Japan"
"Nokia Group","FI0009000681","EQ0011579000001000","NOK1V FH","Finland"
"Norsk Hydro","NO0005052605","EQ0010107900001000","NHY NO","Norway"
"Northam Platinum Ltd","ZAE000030912","EQ0011202300001002","NHM SJ","South Africa"
"Novartis","CH0012005267","EQ0018058000002000","NOVN VX","Switzerland"
"Novatek","RU000A0DKVS5","EQ0000000029072313","NVTK RM","Russia"
"Novelis Inc.",,,,"USA"
"Novozymes A/S","DK0060336014","EQ0088518400001000","NZYMB DC","Denmark"
"NTN Corporation","JP3165600002","EQ0011447400001000","6472 JP","Japan"
"NUCERIA ADESIVI SRL",,,,"Italy"
"Nutrex",,,,"Switzerland"
"Obrascon Huarte Lain (OHL)","ES0142090317","EQ0012716000001000","OHL SM","Spain"
"Occidental Petroleum Corporation","US6745991058","EQ0010110600001000","OXY US","USA"
"Olam International","SG1Q75923504","EQ0000000001547158","OLAM SP","Singapore"
"Olympus Corporation","JP3201200007","EQ0011450900001000","7733 JP","Japan"
"OMRON Corporation","JP3197800000","EQ0011451100001000","6645 JP","Japan"
"Ono Pharmaceutical Co., Ltd.","JP3197600004","EQ0011451400001000","4528 JT","Japan"
"Oplink Communications Inc.","US68375Q4038","EQ0118272800001000","OPLK US","China"
"Oriclean",,,,"India"
"OTSCON COMPANY",,,,"USA"
"Owens Corning","US6907421019","EQ0000000002812689","OC US","USA"
"Owens-Illinois","US6907684038","EQ0010113600001000","OI US","USA"
"Pall Corporation","US6964293079","EQ0010614400001000","PLL US","USA"
"Parker-Hannifin Corporation","US7010941042","EQ0010114900001000","PH US","USA"
"PARKSIDE INTERNATIONAL",,,,"United Kingdom"
"Parsons Brinckerhoff Limited",,"EQ0000000004161986","PRIV","United Kingdom"
"Pearson","GB0006776081","EQ0011206700001000","PSON LN","United Kingdom"
"PENDA CORPORATION",,,,"USA"
"PepsiCo, Inc.","US7134481081","EQ0010115800001000","PEP US","USA"
"PerkinElmer, Inc.","US7140461093","EQ0010050300001000","PKI US","USA"
"Pernod Ricard","FR0000120693","EQ0011546100001000","RI FP","France"
"Pfizer Inc.","US7170811035","EQ0010116600001000","PFE US","USA"
"Philip Morris International","US7181721090","EQ0000000004302454","PM US","USA"
"Philips & Lite-On Digital Solutions Corp.",,,,"Taiwan"
"Pioneer International",,,,"India"
"Piston Automotive",,,,"USA"
"POLIMEROS DEL URETANO S.A. DE C.V.",,,,"Mexico"
"PONZINI SPA",,,,"Italy"
"Porton",,,,"China"
"POSCO","KR7005490008","EQ0012930900001000","005490 KS","South Korea"
"PPG Industries, Inc.","US6935061076","EQ0010120400001000","PPG US","USA"
"PREH HOLDING GMBH",,,,"Germany"
"Premium Tobacco",,,,"British Virgin Islands"
"Prime Health Care Products",,,,"India"
"PSE TECHNOLOGY CORPORATION",,,,"Taiwan"
"Qisda","TW0002352002","EQ0019332000001000","2352 TT","Taiwan"
"QLogic Corp.","US7472771010","EQ0013627300001000","QLGC US","USA"
"QP",,,,"South Africa"
"QUALCOMM Inc.","US7475251036","EQ0010637000001000","QCOM US","USA"
"Quanta Computer","TW0002382009","EQ0033054100001000","2382 TT","Taiwan"
"RALTRON",,,,"USA"
"RAR Group",,,,"Brazil"
"Raytheon Company","US7551115071","EQ0010124300003000","RTN US","USA"
"REDPATH",,,,"Canada"
"Reed Elsevier Group","GB00B2B0DG97","EQ0011216100001000","REL LN","United Kingdom"
"REFLEX PACKAGING INC",,,,"USA"
"REHAU INCORPORATED",,,,"Germany"
"Renault","FR0000131906","EQ0011547600001000","RNO FP","France"
"Renesas Electronics Corporation","JP3164720009","EQ0000000000627515","6723 JT","Japan"
"Resolute Forest Products Inc.","US0036871004","EQ0000000004959406","RFP CN","Canada"
"Reunert","ZAE000057428","EQ0013055300001000","RLO SJ","South Africa"
"Reynders Label Printing",,"EQ0000000010718918","PRIV","Belgium"
"Ricoh Co., Ltd.","JP3973400009","EQ0011456600001000","7752 JP","Japan"
"Rio Tinto","GB0007188757","EQ0010128600001000","RIO LN","United Kingdom"
"RM Chemicals",,,,"India"
"Roche Holding AG","CH0012032048","EQ0011578500008000","ROG VX","Switzerland"
"Rockwell Automation","US7739031091","EQ0020253700001000","ROK US","USA"
"RODFAM HOLDINGS LTD",,,,"Canada"
"Roechling Automotive",,,,"Italy"
"RONG HUA(QING YUAN) OFFSET PRINTING",,,,"China"
"Royal Bafokeng Platinum Ltd","ZAE000149936","EQ0000000011477887","RBP SJ","South Africa"
"Royal BAM Group nv","NL0000337319","EQ0011598100001000","BAMNB NA","Netherlands"
"Royal Philips","NL0000009538","EQ0010117300001000","PHIA NA","Netherlands"
"Rudraksh Detergent & Chemicals Pvt. Ltd",,,,"India"
"RWE AG","DE0007037129","EQ0011567500001000","RWE GR","Germany"
"SABLE CORPORATION",,,,"Taiwan"
"SABMiller","GB0004835483","EQ0038662800001000","SAB LN","United Kingdom"
"Sachet",,,,"South Africa"
"Saint-Gobain","FR0000125007","EQ0011530400001000","SGO FP","France"
"Samsung Engineering","KR7028050003","EQ0019397300001000","028050 KS","South Korea"
"Sanden",,,,"Japan"
"Sanifoam",,,,"Turkey"
"SANKO SHOJI CO. LTD.",,,,"Japan"
"Sanlam","ZAE000070660","EQ0037697600001000","SLM SJ","South Africa"
"Sanmina-SCI Corporation","US8009071072",,,"USA"
"SANOFI","FR0000120578","EQ0081556100001000","SAN FP","France"
"Santos","AU000000STO6","EQ0011304100001000","STO AU","Australia"
"Sanyo Denki America Inc",,"EQ0000000022428318",,"USA"
"SAP AG","DE0007164600","EQ0011841200001000","SAP GR","Germany"
"Sappi","ZAE000006284","EQ0011221200001002","SAP SJ","South Africa"
"Sasol Limited","ZAE000006896","EQ0011221300001001","SOL SJ","South Africa"
"Schneider Logistics",,,,"USA"
"SCHWAN-STABILO COSMETICS",,,,"Germany"
"Seagate Technology LLC","IE00B58JVZ52","EQ0000000000171872","STX US","USA"
"Secom Co., Ltd.","JP3421800008","EQ0011466000001000","9735 JP","Japan"
"Sega Sammy Holdings Inc.","JP3419050004","EQ0000000001304429","6460 JP","Japan"
"Sekisui Chemical Co., Ltd.","JP3419400001","EQ0011467600001000","4204 JP","Japan"
"Sempra Energy","US8168511090","EQ0035024500001000","SRE US","USA"
"SerCom Solutions",,,,"Ireland"
"SESIC",,,,"Egypt"
"Seven & I Holdings Co., Ltd.","JP3422950000","EQ0000000001906160","3382 JP","Japan"
"SGF (SUEDDEUTSCH GELENKSCHEIBEN)",,,,"Germany"
"Shakti - Tea",,,,"India"
"SHAPE CORP",,,,"USA"
"Sharp Global Ltd",,,,"India"
"Sherwin-Williams Company","US8243481061","EQ0010134100001000","SHW US","USA"
"Shire","JE00B2QKY057","EQ0017994100001000","SHP LN","Ireland"
"Shiseido Co., Ltd.","JP3351600006","EQ0011474000001000","4911 JP","Japan"
"Siemens Aktiengesellschaft","DE0007236101","EQ0011574600001000","SIE GR","Germany"
"Sigma-Aldrich Corporation","US8265521018","EQ0010176600001000","SIAL US","USA"
"Sika Services AG","CH0000587979","EQ0011797600001000","SIK VX","Switzerland"
"Silicon Laboratories","US8269191024","EQ0117642600001000","SLAB US","USA"
"Simplo Technology Co Ltd","TW0006121007","EQ0757991300001000","6121 TT","Taiwan"
"Sims Metal Management","AU000000SGM7","EQ0011304800001000","SGM AU","Australia"
"SMART Modular Technologies",,,,"Malaysia"
"SM Investments","PHY806761029","EQ0020941500001000","SM PM","Philippines"
"Smithfield Foods, Inc.","US8322481081","EQ0010678000001000",,"USA"
"Smurfit Kappa Group PLC","IE00B1RR8406","EQ0000000003349681","SKG ID","Ireland"
"Snam S.P.A","IT0003153415","EQ0726285800001000","SRG IM","Italy"
"Solvay S.A.","BE0003470755","EQ0011575300001000","SOLB BB","Belgium"
"Sony Corporation","JP3435000009","EQ0010136500001000","6758 JP","Japan"
"South African Post Office",,,"NOT FOUND","South Africa"
"Sprint Nextel Corporation","US85207U1051","EQ0000000030786031","S US","USA"
"Stadco",,,,"United Kingdom"
"ST ALBANS CO-OPERATIVE CREAMERY INC",,,,"USA"
"Stanley Black & Decker, Inc.","US8545021011","EQ0010139700001000","SWK US","USA"
"Staples, Inc.","US8550301027","EQ0010697300001000","SPLS US","USA"
"Starbucks Corporation","US8552441094","EQ0010669100001000","SBUX US","USA"
"Starwood Hotels & Resorts Worldwide, Inc","US85590A4013","EQ0010075600001000","HOT US","USA"
"Statoil ASA","NO0010096985","EQ0018207400001000","STL NO","Norway"
"STEEL STRIPS WHEELS LTD",,,,"India"
"STEFANINI",,,,"Brazil"
"STENTA FILMS MALAYSIA SENDIRIAN BERHAD",,,,"Malaysia"
"Stepan Company",,,,"USA"
"STG OTOMOTIV SAN VE TIC A.S",,,,"Turkey"
"Sudesan",,,,"Turkey"
"Summit",,,,"USA"
"SUMMIT AUTO BODY INDUSTRY CO. LTD",,,,"Thailand"
"Suncor Energy Inc.","CA8672241079","EQ0011063100001000","SU CN","Canada"
"SUN FOODS AGROINDL C OESTE LTDA",,,,"Brazil"
"Sun International Ltd","ZAE000097580","EQ0013038600001000","SUI SJ","South Africa"
"Sunrex",,,,"Taiwan"
"Surefil LLC",,,,"USA"
"Suzhou Fulfil Electronics Co., Ltd",,,,"China"
"Swaraj Techno",,,,"India"
"Symantec Corporation","US8715031089","EQ0010715200001000","SYMC US","USA"
"Symrise AG","DE000SYM9999","EQ0000000000563402","SY1 GR","Germany"
"Syngenta International AG","CH0011037469","EQ0119704300001000","SYNN VX","Switzerland"
"Sysco Corporation","US8718291078","EQ0010143300001000","SYY US","USA"
"Taisei Corporation","JP3443600006","EQ0011485400001000","1801 JP","Japan"
"Taitwun",,,,"China"
"Taiwan Yuasa Battery Co., Ltd.",,,,"Taiwan"
"Takata Corporation","JP3457000002","EQ0000000000198557","7312 JP","Japan"
"Takeda Pharmaceutical Company Limited","JP3463000004","EQ0011488100001000","4502 JP","Japan"
"Target Corporation","US87612E1064","EQ0010043600001000","TGT US","USA"
"Tata Chemicals","INE092A01019","EQ0017435300001000","TTCH IN","India"
"Tata Steel","INE081A01012","EQ0015456100001000","TATA IN","India"
"Tata Steel Europe",,,,"United Kingdom"
"TB KAWASHIMA CO. LTD",,,,"Japan"
"TDK Corporation","JP3538800008","EQ0010144200001000","6762 JP","Japan"
"Tech Mahindra","INE669C01028","EQ0171212300001000","TECHM IN","India"
"Teck Resources Limited","CA8787422044","EQ0011068600003000","TCK/B CN","Canada"
"TE Connectivity","CH0102993182","EQ0000000003615686","TEL US","USA"
"Teradyne Inc.","US8807791038","EQ0010145500001000","TER US","USA"
"Tereos",,,,"France"
"Terichem",,,,"Slovakia"
"Terumo Corporation","GB0008847096","EQ0011237000001000","4543 JP","Japan"
"Tesa SE",,,,"Germany"
"Texas Instruments Incorporated","US8826811098","EQ0000000001107468","TXN US","USA"
"Texen",,,,"France"
"Textron Inc.","US87240R1077","EQ0000000000635771","TXT US","USA"
"The Coca-Cola Company",,"EQ0020198900001000","KO US","USA"
"The Dow Chemical Company",,"EQ0000000004162206","DOW US","USA"
"The Hershey Company","US4280402086","EQ0000000001811339","HSY US","USA"
"The Hertz Corporation","JP3783800000","EQ0011368600001000","UNLS","USA"
"The J.M. Smucker Company","JP3721400004","EQ0011384400001000","SJM US","USA"
"Thermo Fisher Scientific Inc.","US8835561023","EQ0010146600001000","TMO US","USA"
"Thermoflex Corporation",,,,"USA"
"The Southern Company","ZAE000058517","EQ0000000001333582","SO US","USA"
"Thibiant International, Inc.",,,,"USA"
"THK RHYTHM CO. LTD.",,,,"Japan"
"THUTHUKA packaging CTP gravure",,,,"South Africa"
"ThyssenKrupp AG","DE0007500001","EQ0081525300001000","TKA GR","Germany"
"Tiger Brands","ZAE000071080","EQ0011239300001001","TBS SJ","South Africa"
"TNT Express","NL0009739424","EQ0000000017233898","TNTE NA","Netherlands"
"TOKAIKOGYO CO. LTD.",,,,"Japan"
"Tongaat Hulett Ltd","ZAE000096541","EQ0011240300001001","TON SJ","South Africa"
"Top Victory Electronics(Fujian) Co. Ltd",,,,"China"
"Toshiba Corporation","JP3592200004","EQ0011505500001000","6502 JP","Japan"
"Toyobo Co., Ltd.","JP3619800000","EQ0011510900001000","3101 JP","Japan"
"Toyota Boshoku Corporation","JP3635400009","EQ0013269200001000","3116 JT","Japan"
"Toyota Industries Corporation","JP3634600005","EQ0011511000001000","6201 JP","Japan"
"Trans-Expedite Inc.",,"EQ0000000021900328",,"USA"
"TRANSFORMACIONES AGRICOLAS DE BADAJOZ S A",,,,"Spain"
"Travis Perkins","GB0007739609","EQ0011241800001000","TPK LN","United Kingdom"
"Treasury Wine Estates","AU000000TWE9","EQ0000000010341418","TWE AU","Australia"
"Trelleborg AB","SE0000114837","EQ0011578300003000","TRELB SS","Sweden"
"TREVES UK LIMITED",,,,"United Kingdom"
"Trillium Health Care",,,,"USA"
"Tupy SA",,,,"Brazil"
"Tutun",,,,"Turkey"
"UGN INC",,,,"USA"
"Uni-Charm Corporation","JP3951600000","EQ0011514000001000","8113 JP","Japan"
"Unigen",,,,"USA"
"Unilever plc","GB00B10RZP78","EQ0010153400001000","ULVR LN","United Kingdom"
"Union Pacific Corporation","US9078181081","EQ0010153900001000","UNP US","USA"
"UNIVERSAL CHEMICAL LTDA",,,,"Brazil"
"Universal Truckload Services, Inc.",,,,"USA"
"UPS","US9113121068","EQ0014302700001000","UPS US","USA"
"US Cotton",,,,"USA"
"Vaishnavi Kosmeticos Industries Private Limited",,,,"India"
"Vale","BRVALEACNOR0","EQ0013611700001000","VALE3 BZ","Brazil"
"Valeo Sa","FR0000130338","EQ0011555600001000","FR FP","France"
"VAN ROB INC",,,,"Canada"
"Varian Medical Systems Inc","US92220P1057","EQ0010159300001000","VAR US","USA"
"Varun Agro Processing",,,,"India"
"VECTRON",,,,"USA"
"Verbio AG","DE000A0JL9W6","EQ0000000002815178","VBK GR","Germany"
"Verizon Communications Inc.","US92343V1044","EQ0010018500001000","VZ US","USA"
"VFI",,,,"Austria"
"VIAM MANUFACTURING INC",,,,"USA"
"VICOR",,,,"USA"
"Vinci","FR0000125486","EQ0011550500001000","DG FP","France"
"Visteon","US92839U2069","EQ0000000011350553","VC US","USA"
"Vitesse Semiconductor, Corp.",,,,"USA"
"Vodafone Group","GB00BH4HKS39","EQ0010160500001000","VOD LN","United Kingdom"
"Volkswagen AG","DE0007664039","EQ0011575700100000","VOW3 GR","Germany"
"VOTOB",,,,"Indonesia"
"VPK ONDULYS",,,,"France"
"VRIJDAG PREMIUM PKG",,,,"Netherlands"
"Wacker Chemie AG","DE000WCH8881","EQ0015612600001000","WCH GR","Germany"
"Wal-Mart Stores, Inc.","US9311421039","EQ0010161600001000","WMT US","USA"
"Waste Management, Inc.","US94106L1098","EQ0010757000001000","WM US","USA"
"Waychein",,,,"China"
"Webasto",,,,"Germany"
"Wesfarmers","AU000000WES1","EQ0011312900001000","WES AU","Australia"
"Western Digital Corp","US9581021055","EQ0010164300001000","WDC US","USA"
"Western Union Co","US9598021098","EQ0000000002612568","WU US","USA"
"Whirlpool Corporation","US9633201069","EQ0010165500001000","WHR US","USA"
"Whole Foods Market, Inc.","US9668371068","EQ0010782300001000","WFM US","USA"
"Williamson Tea",,,,"United Kingdom"
"Wintec Industries",,,,"USA"
"Wistron Corp","TW0003231007","EQ0000000000699478","3231 TT","Taiwan"
"Woolworths Holdings Ltd","ZAE000063863","EQ0030709700001000","WHL SJ","South Africa"
"WOOSHIN SYSTEMS CO LTD",,,,"South Korea"
"WorleyParsons","AU000000WOR2","EQ0000000000382447","WOR AU","Australia"
"Wus",,,,"China"
"WuXi AppTec",,,,"China"
"Xylem Inc","US98419M1009","EQ0000000016530122","XYL US","USA"
"Xyratex Limited",,,,"United Kingdom"
"Yangzhou Fuping Living Supplies Factory",,,,"China"
"YASHIMA DENSOU CO. LTD.",,,,"Japan"
"Yokohama Rubber Company, Limited","JP3955800002","EQ0011519400001000","5101 JP","Japan"
"Yuan Deng Metal Industrial (Kunshan) Co.Ltd",,,,"China"
"ZCL Chemicals",,"EQ0000000010377915","PRIV","India"
"Zippak",,,,"United Kingdom"
"Zohar Dalia",,,,"Israel"
